,cdr3s_aa,frequency_x,frequency_y
0,TRA:CAASRDRNNDMRF;CAVSDLASGTYKYIF__TRB:CASSLDGPSEQYF,28,29.0
1,TRA:CALKGRDDKIIF;CAVPFSDGQKLLF__TRB:CASSWGGVMVDTEAFF,12,14.0
2,TRA:CAEKTGGFQKLVF;CALPLEGMRF__TRB:CAWSVGNEQFF,11,16.0
3,TRA:CALSDYTVRGSARQLTF;CVVSAEASNARLMF__TRB:CASSIGTPGSAGNEQFF,11,14.0
4,TRA:CADPNYGGSQGNLIF;CALISFLYF__TRB:CASSPSRFYGYTF,10,12.0
5,TRA:CAGREGFGNVLHC;CILPLAGGTSYGKLTF__TRB:CASSIGQAYEQYF,8,16.0
6,TRA:CAGHTGNQFYF__TRB:CASSWGGGSHYGYTF;CASSWGGGSHYGYTF,8,0.0
7,TRA:CAVNARLMF;CAVRANTDKLIF__TRB:CASSLQGGGGYTF,8,10.0
8,TRA:CAVIAGGTSYGKLTF;CAVTPPNAGKSTF__TRB:CASSHGSPNEQYF,8,9.0
9,TRA:CAASFTSYGKLTF__TRB:CASRTGTGGYNEQFF;CASSWGGGSHYGYTF,7,0.0
10,TRA:CADCGGTSYGKLTF;CAVGGGGGADGLTF__TRB:CASSLRGTNEKLFF,7,9.0
11,TRA:CAANENTGKLIF;CALENNNDMRF__TRB:CASSQGPGLASYNEQFF,6,6.0
12,TRA:CALSDNLRISNFGNEKLTF__TRB:CAPPPATHQLTEAFF;CASSYSNLQDRGPFTGELFF,6,6.0
13,TRA:CANTGKSTF;CAVVGFGNVLHC__TRB:CASSPSGPGEEQYF,6,11.0
14,TRA:CAVQGHGFSDGQKLLF;CAVTGGGNKLTF__TRB:CASSQDRGGRETQYF,6,8.0
15,TRA:__TRB:CASSGEDSSYEQYF;CASSVGARNEQFF,6,0.0
16,TRA:CVVGSDSNYQLIW__TRB:CASSQGRLAGAREQFF;CASSWGGGSHYGYTF,5,4.0
17,TRA:CAATAAEGFGNVLHC;CIATGGYQKVTF__TRB:CASRPQPGLNTEAFF,5,6.0
18,TRA:CAPTFQGGSEKLVF;CILRETTSGTYKYIF__TRB:CASSWGGTQPQHF,5,8.0
19,TRA:CASGTASKLTF;CVAGSNYKLTF__TRB:CASSQDGASDYNEQFF,5,5.0
